id_categoria,nombre_categoria,descripcion
1,Electrónica,Dispositivos tecnológicos y gadgets
2,Hogar,Artículos para el hogar y decoración
3,Alimentos,Consumibles y abarrotes
4,Ropa,Vestimenta y textiles
5,Cuidado Personal,Higiene y belleza
6,Deportes,Equipamiento y ropa deportiva
7,Juguetería,Juguetes y entretenimiento infantil
8,Línea Blanca,Grandes electrodomésticos
9,Ferretería,Herramientas y materiales de construcción
10,Mascotas,Alimentos y accesorios para animales
11,Papelería,Útiles escolares y de oficina
12,Automotriz,Accesorios y mantenimiento de vehículos
13,Jardinería,Plantas y herramientas de exterior
14,Farmacia,Medicamentos y salud
15,Libros y Medios,Material de lectura y entretenimiento