id_cliente,nombre,id_tipo_cliente,id_nivel_cliente,sexo
1,Sofía Valentina,3,3,Femenino
2,Mateo Alejandro,3,1,Masculino
3,Isabella Lucía,2,1,Femenino
4,Santiago Sebastián,4,2,Masculino
5,Camila Victoria,3,4,Femenino
6,Leonardo Diego,5,1,Masculino
7,Mariana Elena,3,2,Femenino
8,Nicolás Samuel,3,1,Masculino
9,Gabriela Daniela,2,1,Femenino
10,Joaquín Tomás,3,3,Masculino
11,Martina Natalia,3,1,Femenino
12,Gabriel Javier,4,2,Masculino
13,Beatriz Clara,5,5,Femenino
14,Andrés Ricardo,3,1,Masculino
15,Jimena Paola,1,1,Femenino
16,Fernando Hugo,3,2,Masculino
17,Adriana Raquel,3,1,Femenino
18,Marcos Pablo,4,3,Masculino
19,Sara Valeria,3,4,Femenino
20,Felipe Adrián,2,1,Masculino
21,Fernanda Andrea,3,1,Femenino
22,Bruno Emilio,3,2,Masculino
23,Mónica Julia,5,2,Femenino
24,Julián Mauricio,3,1,Masculino
25,Irene Victoria,3,3,Femenino
26,Rodrigo Alejandro,4,1,Masculino
27,Valentina Paz,2,1,Femenino
28,Mateo David,3,5,Masculino
29,Isabella Rosa,1,1,Femenino
30,Santiago Jose,3,2,Masculino
