id_productos,fecha_adq,cant_unidad,costo_u,costo_may_x3,precio_u,precio_may_x3
1,15/01/2025,50,150.0,400.0,299.9,800.0
2,15/01/2025,100,25.0,60.0,49.9,130.0
3,18/01/2025,200,8.0,20.0,15.5,40.0
4,20/01/2025,30,80.0,210.0,159.0,420.0
5,22/01/2025,45,45.0,120.0,89.9,240.0
6,05/02/2025,60,15.0,40.0,29.9,80.0
7,05/02/2025,100,10.0,25.0,19.5,50.0
8,08/02/2025,150,5.0,12.0,12.9,32.0
9,10/02/2025,80,4.0,10.0,9.9,25.0
10,12/02/2025,40,20.0,55.0,39.9,105.0
11,01/03/2025,300,6.0,15.0,14.9,38.0
12,01/03/2025,150,12.0,30.0,25.0,65.0
13,03/03/2025,400,3.0,7.5,8.0,20.0
16,15/03/2025,50,10.0,25.0,19.9,50.0
17,15/03/2025,70,7.0,18.0,14.5,38.0
21,02/04/2025,120,8.0,20.0,15.9,40.0
22,02/04/2025,90,5.0,12.0,10.5,28.0
26,10/04/2025,1000,1.2,3.2,2.2,6.0
27,10/04/2025,200,4.5,12.0,8.9,24.0
28,12/04/2025,150,3.5,9.0,7.5,20.0
31,05/05/2025,40,20.0,55.0,39.9,105.0
33,05/05/2025,25,15.0,40.0,29.9,80.0
36,20/05/2025,100,6.0,16.0,12.5,32.0
41,01/06/2025,500,2.0,5.5,4.5,12.0
42,01/06/2025,300,3.0,8.0,6.5,18.0
46,15/06/2025,150,9.0,25.0,18.5,48.0
47,15/06/2025,200,4.0,10.5,8.9,22.0
51,10/07/2025,30,35.0,95.0,69.9,190.0
52,10/07/2025,50,12.0,32.0,24.9,65.0
56,01/08/2025,20,120.0,340.0,249.0,690.0
57,01/08/2025,40,25.0,70.0,55.0,150.0
61,15/08/2025,200,12.0,33.0,22.0,60.0
62,15/08/2025,80,5.0,13.5,10.9,28.0
66,05/09/2025,25,45.0,125.0,89.0,250.0
67,05/09/2025,30,30.0,85.0,65.0,180.0
71,20/09/2025,15,55.0,150.0,115.0,310.0
72,20/09/2025,10,70.0,200.0,149.0,410.0
73,22/09/2025,40,20.0,55.0,42.0,110.0
74,25/09/2025,20,30.0,80.0,65.0,175.0
75,28/09/2025,35,15.0,40.0,35.0,90.0
