id_venta,id_cliente,id_producto,cantidad,fecha_compra,id_tienda,id_empleado,id_forma_pago
1,5,12,2,01/01/2015,1,5,1
2,14,45,1,01/01/2015,2,14,2
3,22,3,3,02/01/2015,3,11,3
4,8,67,1,02/01/2015,4,4,4
5,30,21,2,03/01/2015,1,13,5
6,3,5,1,03/01/2015,2,6,1
7,18,33,1,04/01/2015,3,7,2
8,11,10,2,04/01/2015,4,12,3
9,25,56,1,05/01/2015,1,1,4
10,2,72,1,05/01/2015,2,2,5
11,19,15,3,06/01/2015,3,15,1
12,7,29,5,06/01/2015,4,8,2
13,1,41,2,07/01/2015,1,17,3
14,28,8,4,07/01/2015,2,10,4
15,16,60,1,08/01/2015,3,19,5
16,9,37,1,08/01/2015,4,16,1
17,4,1,1,09/01/2015,1,9,2
18,23,75,2,09/01/2015,2,18,3
19,13,50,3,10/01/2015,3,3,4
20,27,22,1,10/01/2015,4,20,5
21,6,14,1,11/01/2015,1,5,1
22,20,31,1,11/01/2015,2,14,2
23,15,6,2,12/01/2015,3,11,3
24,29,55,1,12/01/2015,4,4,4
25,10,26,10,13/01/2015,1,13,5
26,17,49,1,13/01/2015,2,6,1
27,24,19,2,14/01/2015,3,7,2
28,12,62,1,14/01/2015,4,12,3
29,21,38,3,15/01/2015,1,1,4
30,26,70,1,15/01/2015,2,2,5
31,2,4,1,16/01/2015,3,15,1
32,30,11,4,16/01/2015,4,8,2
33,5,66,1,17/01/2015,1,17,3
34,14,43,2,17/01/2015,2,10,4
35,22,27,1,18/01/2015,3,19,5
36,8,52,1,18/01/2015,4,16,1
37,3,18,2,19/01/2015,1,9,2
38,18,9,3,19/01/2015,2,18,3
39,11,35,1,20/01/2015,3,3,4
40,25,61,2,20/01/2015,4,20,5
41,1,13,5,21/01/2015,1,5,1
42,28,47,2,21/01/2015,2,14,2
43,16,2,1,22/01/2015,3,11,3
44,9,28,1,22/01/2015,4,4,4
45,4,74,1,23/01/2015,1,13,5
46,23,59,1,23/01/2015,2,6,1
47,13,7,2,24/01/2015,3,7,2
48,27,39,1,24/01/2015,4,12,3
49,6,54,3,25/01/2015,1,1,4
50,20,16,2,25/01/2015,2,2,5
51,15,69,1,26/01/2015,3,15,1
52,29,32,1,26/01/2015,4,8,2
53,10,23,1,27/01/2015,1,17,3
54,17,44,4,27/01/2015,2,10,4
55,24,30,1,28/01/2015,3,19,5
56,12,58,1,28/01/2015,4,16,1
57,21,17,2,29/01/2015,1,9,2
58,26,48,1,29/01/2015,2,18,3
59,1,34,1,30/01/2015,3,3,4
60,28,51,1,30/01/2015,4,20,5
61,5,25,2,31/01/2015,1,5,1
62,14,64,1,31/01/2015,2,14,2
63,22,40,2,31/01/2015,3,11,3
64,8,71,1,31/01/2015,4,4,4
65,30,20,5,05/01/2015,1,13,5
66,3,12,1,08/01/2015,2,6,1
67,18,3,3,12/01/2015,3,7,2
68,11,67,1,15/01/2015,4,12,3
69,25,21,2,18/01/2015,1,1,4
70,2,5,1,21/01/2015,2,2,5
71,19,33,1,24/01/2015,3,15,1
72,7,10,2,27/01/2015,4,8,2
73,1,56,1,29/01/2015,1,17,3
74,28,72,1,30/01/2015,2,10,4
75,16,15,3,14/01/2015,3,19,5
76,9,29,5,19/01/2015,4,16,1
77,4,41,2,23/01/2015,1,9,2
78,23,8,4,28/01/2015,2,18,3
79,13,60,1,05/01/2015,3,3,4
80,27,37,1,11/01/2015,4,20,5
81,6,1,1,16/01/2015,1,5,1
82,20,75,2,22/01/2015,2,14,2
83,15,50,3,26/01/2015,3,11,3
84,29,22,1,30/01/2015,4,4,4
85,10,14,1,02/01/2015,1,13,5
86,17,31,1,06/01/2015,2,6,1
87,24,6,2,09/01/2015,3,7,2
88,12,55,1,13/01/2015,4,12,3
89,21,26,10,17/01/2015,1,1,4
90,26,49,1,20/01/2015,2,2,5
91,2,19,2,24/01/2015,3,15,1
92,30,62,1,28/01/2015,4,8,2
93,5,38,3,04/01/2015,1,17,3
94,14,70,1,09/01/2015,2,10,4
95,22,4,1,14/01/2015,3,19,5
96,8,11,4,18/01/2015,4,16,1
97,3,66,1,23/01/2015,1,9,2
98,18,43,2,27/01/2015,2,18,3
99,11,27,1,31/01/2015,3,3,4
100,25,52,1,15/01/2015,4,20,5